Nom;Email;Téléphone;Entreprise
adil.ouazzani;adil.ouazzani@gmail.com;+212612345015;Non renseigné
amine.elamrani;amine.elamrani@gmail.com;+212612345001;Non renseigné
anas.bouzidane;anas.bouzidi@gmail.com;+212612345029;Non renseigné
anas.bouzidi;anas.bouzidane@gmail.com;+33 6 12 34 56 78;Non renseigné
ayoub.elghazi;ayoub.elghazi@gmail.com;+212612345019;Non renseigné
bilal.cherkaoui;bilal.cherkaoui@gmail.com;+212612345023;Non renseigné
fatima.zahra;fatima.zahra@gmail.com;+212612345004;Non renseigné
hajar.mernissi;hajar.mernissi@outlook.com;+212612345012;Non renseigné
hamza.elouafi;hamza.elouafi@gmail.com;+212612345011;Non renseigné
ikram.touil;ikram.touil@yahoo.com;+212612345022;Non renseigné
imane.belabbas;imane.belabbas@outlook.com;+212612345016;Non renseigné
karim.elidrissi;karim.elidrissi@gmail.com;+212612345009;Non renseigné
khadija.benali;khadija.benali@yahoo.com;+212612345026;Non renseigné
layla.bouaziz;layla.bouaziz@yahoo.com;+212612345010;Non renseigné
mehdi.lahlou;mehdi.lahlou@gmail.com;+212612345005;Non renseigné
mohamed.amrani;mohamed.amrani@gmail.com;+212612345025;Non renseigné
nadia.bouhouch;nadia.bouhouch@outlook.com;+212612345020;Non renseigné
nissrine;bestnish@gmail.com;+21229385678;Non renseigné
nora.tazi;nora.tazi@gmail.com;+212612345008;Non renseigné
omar.fassi;omar.fassi@outlook.com;+212612345007;Non renseigné
oumaima.bennour;oumaima.bennour@outlook.com;+212612345028;Non renseigné
rachid.belhadj;rachid.belhadj@gmail.com;+212612345013;Non renseigné
salma.chaoui;salma.chaoui@yahoo.com;+212612345006;Non renseigné
samira.kabbaj;samira.kabbaj@yahoo.com;+212612345018;Non renseigné
sara.bennani;sara.bennani@yahoo.com;+212612345002;Non renseigné
siham.elhaddad;siham.elhaddad@outlook.com;+212612345024;Non renseigné
soumia.elkadi;soumia.elkadi@yahoo.com;+212612345014;Non renseigné
tarik.elharti;tarik.elharti@gmail.com;+212612345027;Non renseigné
yassine;yassineel@gmail.com;+2128359648568;ADHL
yassine.elalami;yassine.elalami@gmail.com;+212612345021;Non renseigné
youssef.aitali;youssef.aitali@outlook.com;+212612345003;Non renseigné
zakaria.bensalem;zakaria.bensalem@gmail.com;+212612345017;Non renseigné
